[
    {
        "like": [
            {
                "timestamp": "2025-04-30 06:43:13",
                "like": [
                    {
                        "timestamp": "2025-04-30 06:43:13"
                    }
                ]
            }
        ]
    },
    {
        "like": [
            {
                "timestamp": "2025-04-30 06:44:03",
                "like": [
                    {
                        "timestamp": "2025-04-30 06:44:03"
                    }
                ]
            }
        ]
    },
    {
        "like": [
            {
                "timestamp": "2025-04-30 06:44:53",
                "like": [
                    {
                        "timestamp": "2025-04-30 06:44:53"
                    }
                ]
            }
        ]
    },
    {
        "like": [
            {
                "timestamp": "2025-04-30 12:22:47",
                "like": [
                    {
                        "timestamp": "2025-04-30 12:22:47"
                    }
                ]
            }
        ]
    },
    {
        "like": [
            {
                "timestamp": "2025-04-30 13:15:51",
                "like": [
                    {
                        "timestamp": "2025-04-30 13:15:51"
                    }
                ]
            }
        ]
    },
    {
        "like": [
            {
                "timestamp": "2025-04-30 13:20:26",
                "like": [
                    {
                        "timestamp": "2025-04-30 13:20:26"
                    }
                ]
            }
        ]
    },
    {
        "like": [
            {
                "timestamp": "2025-04-30 13:28:23",
                "like": [
                    {
                        "timestamp": "2025-04-30 13:28:23"
                    }
                ]
            }
        ]
    },
    {
        "like": [
            {
                "timestamp": "2025-05-01 06:43:16",
                "like": [
                    {
                        "timestamp": "2025-05-01 06:43:16"
                    }
                ]
            }
        ]
    },
    {
        "like": [
            {
                "timestamp": "2025-05-01 07:07:17",
                "like": [
                    {
                        "timestamp": "2025-05-01 07:07:17"
                    }
                ]
            }
        ]
    },
    {
        "like": [
            {
                "timestamp": "2025-05-01 09:32:58",
                "like": [
                    {
                        "timestamp": "2025-05-01 09:32:58"
                    }
                ]
            }
        ]
    },
    {
        "like": [
            {
                "timestamp": "2025-05-01 09:34:18",
                "like": [
                    {
                        "timestamp": "2025-05-01 09:34:18"
                    }
                ]
            }
        ]
    },
    {
        "like": [
            {
                "timestamp": "2025-05-01 09:46:59",
                "like": [
                    {
                        "timestamp": "2025-05-01 09:46:59"
                    }
                ]
            }
        ]
    },
    {
        "like": [
            {
                "timestamp": "2025-05-01 17:09:33",
                "like": [
                    {
                        "timestamp": "2025-05-01 17:09:33"
                    }
                ]
            }
        ]
    },
    {
        "like": [
            {
                "timestamp": "2025-05-01 17:12:05",
                "like": [
                    {
                        "timestamp": "2025-05-01 17:12:05"
                    }
                ]
            }
        ]
    }
]