[
    {
        "id": 5,
        "timestamp": "2025-04-29 16:50:51.423876",
        "hinge_prompt": "Together, we could",
        "hinge_prompt_answer": "watch all the movies on the first"
    },
    {
        "id": 4,
        "timestamp": "2025-04-29 16:51:02.591022",
        "hinge_prompt": "Together, we could",
        "hinge_prompt_answer": "Watch every film on the first day."
    },
    {
        "id": 2,
        "timestamp": "2025-04-29 16:52:12.277956",
        "hinge_prompt": "Teach me something about",
        "hinge_prompt_answer": "music. This time i want to learn some"
    },
    {
        "id": 6,
        "timestamp": "2025-04-29 16:53:06.344056",
        "hinge_prompt": "Teach me something about",
        "hinge_prompt_answer": "music. This time i want to learn some"
    },
    {
        "id": 8,
        "timestamp": "2025-04-29 16:55:04.700469",
        "hinge_prompt": "Teach me something about",
        "hinge_prompt_answer": "music"
    },
    {
        "id": 3,
        "timestamp": "2025-04-29 16:58:43.330768",
        "hinge_prompt": "We're the same type of weird if",
        "hinge_prompt_answer": "you go to the same restaurant every time."
    },
    {
        "id": 7,
        "timestamp": "2025-04-29 17:01:56.243088",
        "hinge_prompt": "The one thing I'd love to know about you is"
    },
    {
        "id": 1,
        "timestamp": "2025-04-29 17:02:37.656904",
        "hinge_prompt": "If loving this is wrong, I don't want to be right",
        "hinge_prompt_answer": "A weekend spent at home doing absolutely nothing."
    }
]