{
    "account": {
        "signup_time": "2025-04-29 16:40:48.877449",
        "last_pause_time": "2025-05-01 17:17:22.597",
        "last_unpause_time": "2025-05-01 17:10:20.485",
        "last_seen": "2025-05-02 07:21:57.646",
        "device_platform": "ios",
        "device_os": "18.4",
        "device_model": "unknown",
        "app_version": "9.72.0",
        "push_notifications_enabled": false
    },
    "devices": [
        {
            "ip_address": "152.58.194.247",
            "device_model": "unknown",
            "device_platform": "ios",
            "device_os_versions": "18.4"
        },
        {
            "ip_address": "152.58.244.25",
            "device_model": "unknown",
            "device_platform": "ios",
            "device_os_versions": "18.4"
        },
        {
            "ip_address": "192.140.152.3",
            "device_model": "unknown",
            "device_platform": "ios",
            "device_os_versions": "18.4"
        },
        {
            "ip_address": "152.58.242.98",
            "device_model": "unknown",
            "device_platform": "ios",
            "device_os_versions": "18.4"
        },
        {
            "ip_address": "192.140.152.57",
            "device_model": "unknown",
            "device_platform": "ios",
            "device_os_versions": "18.4"
        }
    ],
    "location": {
        "latitude": 12.91431713104248,
        "longitude": 77.62338256835938,
        "country_short": "IN",
        "admin_area_1": "Karnataka",
        "admin_area_1_short": "KA",
        "admin_area_2": "Bangalore Division",
        "neighborhood": "Bommanahalli",
        "postal_code": "560029"
    },
    "identity": {
        "email": "jishnujanardanan010@gmail.com",
        "phone_number": "+917510823349",
        "phone_country_code": "IN",
        "phone_country_calling_code": "91",
        "phone_carrier": "Vi",
        "phone_line_type": "Mobile"
    },
    "preferences": {
        "distance_miles_max": 6,
        "age_min": 19,
        "age_max": 23,
        "age_dealbreaker": true,
        "height_min": 92,
        "height_max": 214,
        "height_dealbreaker": false,
        "gender_preference": "Women",
        "ethnicity_preference": "[\"Open to All\"]",
        "ethnicity_dealbreaker": false,
        "religion_preference": "[\"Open to All\"]",
        "religion_dealbreaker": false,
        "smoking_preference": "[\"Open to All\"]",
        "smoking_dealbreaker": false,
        "drinking_preference": "[\"Open to All\"]",
        "drinking_dealbreaker": false,
        "marijuana_preference": "[\"Open to All\"]",
        "marijuana_dealbreaker": false,
        "drugs_preference": "[\"Open to All\"]",
        "drugs_dealbreaker": false,
        "children_preference": "[\"Open to All\"]",
        "children_dealbreaker": false,
        "family_plans_preference": "[\"Open to All\"]",
        "family_plans_dealbreaker": false,
        "education_attained_preference": "[\"Open to All\"]",
        "education_attained_dealbreaker": false,
        "politics_preference": "[\"Open to All\"]",
        "politics_dealbreaker": false
    },
    "installs": [
        {
            "ip_address": "192.140.152.3",
            "idfv": "FCBC082F-93C0-417B-9A7D-FC609A2C149C",
            "user_agent": "Hinge/11592 CFNetwork/3826.500.111.2.2 Darwin/24.4.0",
            "install_time": "2025-04-29 16:32:57"
        }
    ],
    "profile": {
        "first_name": "Jishnu",
        "age": 23,
        "height_centimeters": 176,
        "gender": "male",
        "gender_identity": "Man",
        "gender_identity_displayed": true,
        "ethnicities": "[\"Prefer Not to Say\"]",
        "ethnicities_displayed": false,
        "religions": "[\"Hindu\"]",
        "religions_displayed": true,
        "workplaces": "[\"Banglore\"]",
        "workplaces_displayed": true,
        "job_title": "SWE",
        "job_title_displayed": true,
        "schools": "[\"Kerala\"]",
        "schools_displayed": true,
        "hometowns": "[\"Kerala\"]",
        "hometowns_displayed": true,
        "smoking": "No",
        "smoking_displayed": true,
        "drinking": "No",
        "drinking_displayed": true,
        "marijuana": "No",
        "marijuana_displayed": true,
        "drugs": "No",
        "drugs_displayed": true,
        "children": "Prefer Not to Say",
        "children_displayed": false,
        "family_plans": "Prefer Not to Say",
        "family_plans_displayed": false,
        "education_attained": "Undergraduate",
        "politics": "Prefer Not to Say",
        "politics_displayed": false,
        "dating_intention_displayed": true,
        "dating_intention": "Long-term relationship",
        "languages_spoken_displayed": true,
        "languages_spoken": "English, Malayalam",
        "relationship_type_displayed": true,
        "relationship_types": "Monogamy"
    }
}